feature,w_narrow,sd_narrow,w_wide,sd_wide,sd_ratio
ph,0.8051769576661959,0.08099781156663748,0.1948230423338041,1.602418521716444,19.783479216572697
Hardness,0.8063580659666294,1.673582437611181,0.19364193403337066,32.988940836049984,19.71157207118961
Solids,0.80180733646842,584.4572076479312,0.19819266353158013,8695.951172136352,14.87867898341442
Chloramines,0.8052804711386623,0.09157102673983379,0.19471952886133775,1.6012714688264171,17.4866606374946
Sulfate,0.8058059649256758,2.2466064092608375,0.19419403507432423,42.2404841221936,18.801906710526687
Conductivity,0.7992863614254466,4.226522227815283,0.20071363857455343,80.29794527328754,18.998585821893112
Organic_carbon,0.8009549924998854,0.16924282527194864,0.19904500750011453,3.3160889619177607,19.59367528041019
Trihalomethanes,0.8054777552061262,0.833201082675655,0.19452224479387378,16.02205793793026,19.22952126571739
Turbidity,0.8012277046315575,0.043303470526489654,0.19877229536844251,0.7822187562329999,18.06365048165135
