feature,rho_clean,rho_contaminated,rho_pooled
ph,0.27944428602409443,0.013750581927405466,0.18592937696091483
Hardness,-0.0015423629254235165,0.03461904615784073,0.008537819763086079
Solids,0.6782406461058059,0.04216602065644324,0.4585144472864284
Chloramines,0.4554524353234632,0.02412732129746466,0.3071508507899825
Sulfate,-0.3201604747218657,-0.008113488377724661,-0.2096191773069883
Conductivity,-0.274932052267202,-0.0027540427192967918,-0.17453908600182882
Organic_carbon,-0.26774560237630035,-0.010850703952097033,-0.17497339774521975
Trihalomethanes,0.26084941017754226,0.02131157904677833,0.17850613190120693
Turbidity,0.4166869267345436,0.007861081203858356,0.2752175710672337
