seed,n_qubits,reps,fmap,alpha,readout,val_accuracy,n_params,train_loss,seconds
42,4,2,zz,0.25,parity,0.7875,14,0.595129801213913,0.76
42,4,2,zz,0.25,z0,0.788,14,0.5851119966125033,0.76
42,4,2,zz,0.5,parity,0.7995,14,0.521300904987806,0.74
42,4,2,zz,0.5,z0,0.791,14,0.5182695176077157,0.7
42,4,2,zz,1.0,parity,0.779,14,0.48838895068775606,0.75
42,4,2,zz,1.0,z0,0.724,14,0.5483930405877793,0.72
42,4,2,z,0.25,parity,0.8075,14,0.6292556997815303,0.72
42,4,2,z,0.25,z0,0.7975,14,0.6404896839150697,0.76
42,4,2,z,0.5,parity,0.8075,14,0.5531675034252475,0.73
42,4,2,z,0.5,z0,0.813,14,0.5573197326050686,0.93
42,4,2,z,1.0,parity,0.815,14,0.47725810650617756,0.72
42,4,2,z,1.0,z0,0.811,14,0.4774932906257486,0.72
42,4,4,zz,0.25,parity,0.7905,22,0.5948753760239163,0.81
42,4,4,zz,0.25,z0,0.8065,22,0.5941517008590816,0.84
42,4,4,zz,0.5,parity,0.822,22,0.4801233389365127,0.78
42,4,4,zz,0.5,z0,0.8125,22,0.4868043801199135,0.74
42,4,4,zz,1.0,parity,0.7785,22,0.4806400281751863,0.76
42,4,4,zz,1.0,z0,0.7845,22,0.4892549725291095,0.76
42,4,4,z,0.25,parity,0.7935,22,0.63700870201062,0.87
42,4,4,z,0.25,z0,0.8105,22,0.6378175446877294,0.82
42,4,4,z,0.5,parity,0.816,22,0.5564579997409673,0.8
42,4,4,z,0.5,z0,0.8115,22,0.5787632224789142,0.77
42,4,4,z,1.0,parity,0.8165,22,0.4983832605806257,0.78
42,4,4,z,1.0,z0,0.818,22,0.5057915009000914,0.85
42,6,2,zz,0.25,parity,0.7765,20,0.6137161852306237,1.45
42,6,2,zz,0.25,z0,0.7905,20,0.6039417411104978,1.47
42,6,2,zz,0.5,parity,0.7925,20,0.5155226016698566,1.29
42,6,2,zz,0.5,z0,0.7445,20,0.5812713010546352,1.57
42,6,2,zz,1.0,parity,0.744,20,0.5182655981389144,1.49
42,6,2,zz,1.0,z0,0.7935,20,0.4981368637441484,1.31
42,6,2,z,0.25,parity,0.8005,20,0.643525545298868,1.24
42,6,2,z,0.25,z0,0.803,20,0.6251605593181486,1.52
42,6,2,z,0.5,parity,0.8075,20,0.5534027546148947,1.44
42,6,2,z,0.5,z0,0.803,20,0.560387889449157,1.42
42,6,2,z,1.0,parity,0.808,20,0.4577500900729864,1.3
42,6,2,z,1.0,z0,0.82,20,0.4684142501374149,1.4
42,6,4,zz,0.25,parity,0.794,32,0.589954533832674,1.52
42,6,4,zz,0.25,z0,0.803,32,0.597007143242573,1.55
42,6,4,zz,0.5,parity,0.802,32,0.4908770256544356,1.57
42,6,4,zz,0.5,z0,0.7955,32,0.49195287309221086,1.63
42,6,4,zz,1.0,parity,0.8005,32,0.466694952977556,1.51
42,6,4,zz,1.0,z0,0.784,32,0.4730596295117396,1.61
42,6,4,z,0.25,parity,0.8075,32,0.6493968871186054,1.53
42,6,4,z,0.25,z0,0.813,32,0.6289453225588322,1.58
42,6,4,z,0.5,parity,0.8055,32,0.5660634219240205,1.52
42,6,4,z,0.5,z0,0.8125,32,0.5460564911013919,1.41
42,6,4,z,1.0,parity,0.815,32,0.4704584404977754,1.58
42,6,4,z,1.0,z0,0.816,32,0.48337879857091975,1.45
42,8,2,zz,0.25,parity,0.791,26,0.6092796529098814,9.2
42,8,2,zz,0.25,z0,0.782,26,0.5929600419137054,9.68
42,8,2,zz,0.5,parity,0.782,26,0.523097681555197,9.7
42,8,2,zz,0.5,z0,0.755,26,0.5665141870332004,8.51
42,8,2,zz,1.0,parity,0.761,26,0.5148436264755314,9.1
42,8,2,zz,1.0,z0,0.7905,26,0.5013563412321819,8.91
42,8,2,z,0.25,parity,0.804,26,0.6405584472481082,8.99
42,8,2,z,0.25,z0,0.7935,26,0.6394656549453865,9.77
42,8,2,z,0.5,parity,0.812,26,0.5508639957541681,9.52
42,8,2,z,0.5,z0,0.807,26,0.5565458012359159,8.32
42,8,2,z,1.0,parity,0.816,26,0.4622582692074826,8.51
42,8,2,z,1.0,z0,0.8155,26,0.4668675411205128,8.44
42,8,4,zz,0.25,parity,0.7735,42,0.6199137555018313,11.49
42,8,4,zz,0.25,z0,0.7565,42,0.6140924113406313,12.83
42,8,4,zz,0.5,parity,0.778,42,0.5460368850706538,12.18
42,8,4,zz,0.5,z0,0.8005,42,0.5557450095583814,11.74
42,8,4,zz,1.0,parity,0.789,42,0.4954085962935776,12.55
42,8,4,zz,1.0,z0,0.76,42,0.5064192419598398,14.26
42,8,4,z,0.25,parity,0.805,42,0.6467354470180082,12.73
42,8,4,z,0.25,z0,0.8045,42,0.630655069964383,11.48
42,8,4,z,0.5,parity,0.8075,42,0.5650698198679249,12.09
42,8,4,z,0.5,z0,0.805,42,0.5608233147703966,13.96
42,8,4,z,1.0,parity,0.819,42,0.4740247258282933,12.49
42,8,4,z,1.0,z0,0.8215,42,0.46425970105861625,13.3
7,4,2,zz,0.25,parity,0.795,14,0.583079605832191,0.77
7,4,2,zz,0.25,z0,0.7895,14,0.5877150650593317,0.71
7,4,2,zz,0.5,parity,0.7815,14,0.5232005778760938,0.76
7,4,2,zz,0.5,z0,0.791,14,0.5250614940022414,0.77
7,4,2,zz,1.0,parity,0.7955,14,0.4842146318735605,0.8
7,4,2,zz,1.0,z0,0.7825,14,0.48967461945675644,0.81
7,4,2,z,0.25,parity,0.7995,14,0.6358888280506669,0.73
7,4,2,z,0.25,z0,0.803,14,0.6266312589782034,0.78
7,4,2,z,0.5,parity,0.8035,14,0.5568331290606988,0.79
7,4,2,z,0.5,z0,0.804,14,0.5490586957624541,0.74
7,4,2,z,1.0,parity,0.8055,14,0.4903640068987356,0.73
7,4,2,z,1.0,z0,0.809,14,0.5101104134078285,0.69
7,4,4,zz,0.25,parity,0.7855,22,0.5857117975175672,0.93
7,4,4,zz,0.25,z0,0.7885,22,0.5871265802638174,0.82
7,4,4,zz,0.5,parity,0.797,22,0.47981861269491755,0.79
7,4,4,zz,0.5,z0,0.801,22,0.5012775590763233,0.79
7,4,4,zz,1.0,parity,0.795,22,0.4599137286288995,0.81
7,4,4,zz,1.0,z0,0.8015,22,0.4567664632534559,0.79
7,4,4,z,0.25,parity,0.7905,22,0.6381562551921454,0.82
7,4,4,z,0.25,z0,0.805,22,0.6439743245982625,0.91
7,4,4,z,0.5,parity,0.7955,22,0.5519099694401932,0.84
7,4,4,z,0.5,z0,0.8035,22,0.5495670449090362,0.82
7,4,4,z,1.0,parity,0.8025,22,0.5018738045121695,0.83
7,4,4,z,1.0,z0,0.802,22,0.4948472508263334,0.81
7,6,2,zz,0.25,parity,0.7755,20,0.6058688015101787,1.36
7,6,2,zz,0.25,z0,0.792,20,0.5910931151840182,1.34
7,6,2,zz,0.5,parity,0.7855,20,0.5202036177128393,1.31
7,6,2,zz,0.5,z0,0.796,20,0.5426932504204174,1.37
7,6,2,zz,1.0,parity,0.7915,20,0.49312296937003997,1.35
7,6,2,zz,1.0,z0,0.788,20,0.4833813857841943,1.3
7,6,2,z,0.25,parity,0.787,20,0.6380859151723624,1.5
7,6,2,z,0.25,z0,0.7935,20,0.6285495432182199,1.39
7,6,2,z,0.5,parity,0.802,20,0.5434060208234385,1.31
7,6,2,z,0.5,z0,0.8005,20,0.538064186645425,1.42
7,6,2,z,1.0,parity,0.81,20,0.4881832638190832,1.36
7,6,2,z,1.0,z0,0.814,20,0.49209208843691804,1.38
7,6,4,zz,0.25,parity,0.7815,32,0.6085456187671195,1.6
7,6,4,zz,0.25,z0,0.7835,32,0.6057836872828758,1.46
7,6,4,zz,0.5,parity,0.7855,32,0.5248525199718334,1.43
7,6,4,zz,0.5,z0,0.7915,32,0.5271671392729045,1.51
7,6,4,zz,1.0,parity,0.7725,32,0.48668251811554325,1.5
7,6,4,zz,1.0,z0,0.79,32,0.45591976359376235,1.49
7,6,4,z,0.25,parity,0.8055,32,0.6462362958970159,1.41
7,6,4,z,0.25,z0,0.791,32,0.6404781730741815,1.43
7,6,4,z,0.5,parity,0.803,32,0.5644742740277663,1.34
7,6,4,z,0.5,z0,0.801,32,0.5490825960884046,1.41
7,6,4,z,1.0,parity,0.8075,32,0.4798279360662903,1.42
7,6,4,z,1.0,z0,0.814,32,0.48726000298825217,1.48
7,8,2,zz,0.25,parity,0.7875,26,0.6061632859806091,9.34
7,8,2,zz,0.25,z0,0.7815,26,0.6093291289238213,9.03
7,8,2,zz,0.5,parity,0.816,26,0.5561687979082198,8.89
7,8,2,zz,0.5,z0,0.7385,26,0.5767480515927507,9.07
7,8,2,zz,1.0,parity,0.7735,26,0.5042147669667169,8.23
7,8,2,zz,1.0,z0,0.802,26,0.4626497646659309,8.12
7,8,2,z,0.25,parity,0.798,26,0.6463940641719632,8.37
7,8,2,z,0.25,z0,0.8075,26,0.6571929820470047,8.57
7,8,2,z,0.5,parity,0.8055,26,0.5662835949283976,8.38
7,8,2,z,0.5,z0,0.801,26,0.5456299254725887,9.16
7,8,2,z,1.0,parity,0.825,26,0.48491853030338833,8.73
7,8,2,z,1.0,z0,0.8075,26,0.5099218375492821,9.17
7,8,4,zz,0.25,parity,0.79,42,0.6143015183160598,12.33
7,8,4,zz,0.25,z0,0.8005,42,0.6123040856410475,12.31
7,8,4,zz,0.5,parity,0.786,42,0.5450627507576049,11.92
7,8,4,zz,0.5,z0,0.7735,42,0.5500976467806077,12.18
7,8,4,zz,1.0,parity,0.7975,42,0.47233832653966396,11.74
7,8,4,zz,1.0,z0,0.7935,42,0.47088821005679826,11.75
7,8,4,z,0.25,parity,0.788,42,0.6547776003253069,11.83
7,8,4,z,0.25,z0,0.7765,42,0.6614762214743869,11.58
7,8,4,z,0.5,parity,0.806,42,0.5665694757026342,11.86
7,8,4,z,0.5,z0,0.8015,42,0.5836674454453582,12.47
7,8,4,z,1.0,parity,0.8125,42,0.4866307671720026,11.99
7,8,4,z,1.0,z0,0.8035,42,0.5219333938600842,12.68
2024,4,2,zz,0.25,parity,0.804,14,0.5813150239030828,0.73
2024,4,2,zz,0.25,z0,0.7985,14,0.5834971566937063,0.73
2024,4,2,zz,0.5,parity,0.806,14,0.49645864521102795,0.75
2024,4,2,zz,0.5,z0,0.807,14,0.49589180975025315,0.72
2024,4,2,zz,1.0,parity,0.7905,14,0.43780987239699015,0.76
2024,4,2,zz,1.0,z0,0.778,14,0.4605302641407013,0.71
2024,4,2,z,0.25,parity,0.807,14,0.6306582756007633,0.72
2024,4,2,z,0.25,z0,0.8085,14,0.6324313708954943,0.78
2024,4,2,z,0.5,parity,0.805,14,0.556395261256763,0.77
2024,4,2,z,0.5,z0,0.8065,14,0.5355472071978511,0.75
2024,4,2,z,1.0,parity,0.805,14,0.4866612673861656,0.79
2024,4,2,z,1.0,z0,0.8115,14,0.48217937320640114,0.74
2024,4,4,zz,0.25,parity,0.806,22,0.577258589271865,0.85
2024,4,4,zz,0.25,z0,0.8065,22,0.5852690753071536,0.89
2024,4,4,zz,0.5,parity,0.8045,22,0.4791346255776057,0.8
2024,4,4,zz,0.5,z0,0.809,22,0.4802950606463798,0.81
2024,4,4,zz,1.0,parity,0.8005,22,0.43004552831411147,0.74
2024,4,4,zz,1.0,z0,0.781,22,0.44236114552889333,0.83
2024,4,4,z,0.25,parity,0.8095,22,0.6352329435648674,0.81
2024,4,4,z,0.25,z0,0.8085,22,0.6344497291440787,0.89
2024,4,4,z,0.5,parity,0.804,22,0.5685539905413839,0.88
2024,4,4,z,0.5,z0,0.814,22,0.5412508592613159,0.89
2024,4,4,z,1.0,parity,0.81,22,0.481544535489652,0.87
2024,4,4,z,1.0,z0,0.8085,22,0.518496148832236,0.83
2024,6,2,zz,0.25,parity,0.807,20,0.5848520658437761,1.34
2024,6,2,zz,0.25,z0,0.779,20,0.6041112965395621,1.28
2024,6,2,zz,0.5,parity,0.7965,20,0.4899131642920122,1.24
2024,6,2,zz,0.5,z0,0.811,20,0.5125360298721212,1.28
2024,6,2,zz,1.0,parity,0.7745,20,0.4469027348811727,1.36
2024,6,2,zz,1.0,z0,0.7775,20,0.44412602512095134,1.29
2024,6,2,z,0.25,parity,0.813,20,0.6357917602797702,1.34
2024,6,2,z,0.25,z0,0.8055,20,0.618931186952927,1.31
2024,6,2,z,0.5,parity,0.809,20,0.5712388445749993,1.34
2024,6,2,z,0.5,z0,0.8085,20,0.5481471184209731,1.27
2024,6,2,z,1.0,parity,0.813,20,0.46182535522844953,1.24
2024,6,2,z,1.0,z0,0.815,20,0.4797826645162593,1.37
2024,6,4,zz,0.25,parity,0.798,32,0.5810705273017461,1.48
2024,6,4,zz,0.25,z0,0.796,32,0.5943743353155605,1.49
2024,6,4,zz,0.5,parity,0.7955,32,0.4936826633127514,1.58
2024,6,4,zz,0.5,z0,0.791,32,0.5124095646950587,1.51
2024,6,4,zz,1.0,parity,0.7825,32,0.41834293793932875,1.45
2024,6,4,zz,1.0,z0,0.783,32,0.44017545979545436,1.48
2024,6,4,z,0.25,parity,0.807,32,0.6445467819486037,1.48
2024,6,4,z,0.25,z0,0.794,32,0.6364415245102206,1.46
2024,6,4,z,0.5,parity,0.811,32,0.563561256942822,1.46
2024,6,4,z,0.5,z0,0.814,32,0.5502456004846931,1.41
2024,6,4,z,1.0,parity,0.8085,32,0.4825091557267448,1.47
2024,6,4,z,1.0,z0,0.807,32,0.4788400260113895,1.42
2024,8,2,zz,0.25,parity,0.8075,26,0.589269014914134,8.34
2024,8,2,zz,0.25,z0,0.7985,26,0.6205504875809379,8.45
2024,8,2,zz,0.5,parity,0.8025,26,0.4872202800434312,8.57
2024,8,2,zz,0.5,z0,0.7555,26,0.5618186693564355,9.21
2024,8,2,zz,1.0,parity,0.7905,26,0.4307845580649221,8.52
2024,8,2,zz,1.0,z0,0.768,26,0.4798710750479974,8.9
2024,8,2,z,0.25,parity,0.811,26,0.631669676800748,9.23
2024,8,2,z,0.25,z0,0.8025,26,0.6365740021888345,8.62
2024,8,2,z,0.5,parity,0.8135,26,0.5443214102785766,7.95
2024,8,2,z,0.5,z0,0.806,26,0.5628303211358794,8.58
2024,8,2,z,1.0,parity,0.8185,26,0.46269561712679547,8.49
2024,8,2,z,1.0,z0,0.8055,26,0.52229811233326,9.18
2024,8,4,zz,0.25,parity,0.8,42,0.5956387984673193,11.75
2024,8,4,zz,0.25,z0,0.8095,42,0.6114171603663672,11.87
2024,8,4,zz,0.5,parity,0.7925,42,0.525126700402954,12.2
2024,8,4,zz,0.5,z0,0.787,42,0.5384743185024459,11.77
2024,8,4,zz,1.0,parity,0.791,42,0.43143146584320247,11.95
2024,8,4,zz,1.0,z0,0.786,42,0.42421973077511177,12.14
2024,8,4,z,0.25,parity,0.8085,42,0.6470467161546698,12.49
2024,8,4,z,0.25,z0,0.8045,42,0.6250023342454651,12.27
2024,8,4,z,0.5,parity,0.812,42,0.569022759328947,13.09
2024,8,4,z,0.5,z0,0.8075,42,0.546832406783158,12.48
2024,8,4,z,1.0,parity,0.804,42,0.46445185198637146,12.95
2024,8,4,z,1.0,z0,0.8055,42,0.5293560025505836,11.86
